family,op_code,op_code_name,missed_labour
Alignment,ALN-024,Wheel Alignment,
Battery,ATT-036,Alternator Test,
Battery,BAT-033,Battery Replacement,
Battery,BTS-034,Battery Terminal Service,
Battery,BTT-035,Battery Test,
Belts & Cooling,IDP-041,Idler Pulley,
Belts & Cooling,WTP-040,Water Pump,
Brake Service,BCS-032,Caliper Service,
Brake Service,BFF-013,Brake Quiet,
Brake Service,BPF-028,Brake Pads Front,
Brake Service,BPR-029,Brake Pads Rear,
Brake Service,RTF-030,Rotors Front,
Brake Service,RTR-031,Rotors Rear,
Differential,DFF-005,Differential Filter,
EV & Hybrid,CPC-051,Charge Port Cleaner,
EV & Hybrid,HYB-064,Hybrid / EV Maintenance,
EV & Hybrid,RDD-052,Rodent Deterrent,
Filters,BRF-007,Breather Filter,
Filters,FF-003,Fuel Filter,
Filters,PCV-006,PCV Valve,
Filters,TRF-004,Transmission Filter,
Fluids,TCF-015,Transfer Case Fluid,
Fuel System,DPF-059,Diesel Particulate Filter Service,
Fuel System,FIC-045,Fuel Injector Clean,
Fuel System,FSC-017,Fuel System Cleaner,
Fuel System,TBC-044,Throttle Body Clean,
HVAC,ACE-053,AC Evaporator Cleaning,
HVAC,ACS-048,AC System Check,
HVAC,EVC-056,Evap Core Service,
Inspections,UCI-062,Used Car Inspection,
Lighting,BLB-037,Bulb Replacement,
Lighting,HLR-049,Headlight Restoration,
Oil Change,EFL-046,Engine Flush,
Oil Change,OAD-063,Oil Additive,
Oil Change,OF-008,Oil Filter,
Oil Change,OIL-009,Engine Oil Service,
Spark Plugs,SPK-043,Spark Plugs,
Suspension,SUS-058,Suspension Service,
Tires & Rotation,NIT-025,Nitrogen Inflation,
Tires & Rotation,TBL-023,Tire Balance,
Tires & Rotation,TIR-057,Tires,
Tires & Rotation,TPS-026,TPMS Service,
Tires & Rotation,TPS-050,Tire Pressure Check,
Tires & Rotation,TRO-022,Tire Rotation,
Tires & Rotation,TSL-027,Tire Sealant,
Wipers,WBI-020,Wiper Inserts,
Wipers,WBR-019,Rear Wiper Blade,
Wipers,WTR-021,Windshield Treatment,
Wipers,WWF-016,Washer Fluid Top-Off,
