track,track_order,module,module_order,item_order,item_title,item_type,duration_seconds,status
Walk Around,1,1. The Walk-Around Routine,1,0,Watch First — The Walk-Around,advisor_video,9,draft
Walk Around,1,1. The Walk-Around Routine,1,1,The 5% Who Click Approve Without Being Asked,cue,,draft
Walk Around,1,1. The Walk-Around Routine,1,2,The 30-Second Walk-Around (Full Script),cue,,published
Walk Around,1,1. The Walk-Around Routine,1,3,Train the Customer to Do What You Say Do,cue,,published
Walk Around,1,1. The Walk-Around Routine,1,4,Offer Something Outside Every Time,cue,,published
Walk Around,1,2. What the Vehicle Tells You,2,5,Use the Wipers — Don't Just Look at Them,cue,,published
Walk Around,1,2. What the Vehicle Tells You,2,6,Slow Crank = Battery Conversation,cue,,published
Walk Around,1,2. What the Vehicle Tells You,2,7,Color-Coded Tread Depth Gauge,cue,,published
Walk Around,1,2. What the Vehicle Tells You,2,8,The Tire Born-On Date Close,cue,,published
Walk Around,1,2. What the Vehicle Tells You,2,9,Windshield Washer Fluid Button — Opens Unexpected Repairs,cue,,published
Walk Around,1,2. What the Vehicle Tells You,2,9,Windshield Washer Fluid Button — Opens Unexpected Repairs,cue,,published
Walk Around,1,2. What the Vehicle Tells You,2,9,Windshield Washer Fluid Button — Opens Unexpected Repairs,cue,,published
Walk Around,1,2. What the Vehicle Tells You,2,10,The Windshield Washer Fluid Motor Story,cue,,published
Walk Around,1,2. What the Vehicle Tells You,2,10,The Windshield Washer Fluid Motor Story,cue,,published
Walk Around,1,2. What the Vehicle Tells You,2,10,The Windshield Washer Fluid Motor Story,cue,,published
Walk Around,1,3. Reading the Customer,3,15,Check the Radio and Backseat for Clues,cue,,published
Walk Around,1,3. Reading the Customer,3,16,Mention Your Family — The Trust Signal,cue,,published
Walk Around,1,3. Reading the Customer,3,17,Use Your DMS Notes — Store What You Learn,cue,,published
Walk Around,1,3. Reading the Customer,3,18,"Spot the Truck User — Payload, Hitch, and Gear",cue,,published
Walk Around,1,3. Reading the Customer,3,19,Trailer Hitch and Overland Gear — The Drive-Side Differential Cue,cue,,published
Walk Around,1,3. Reading the Customer,3,19,Trailer Hitch and Overland Gear — The Drive-Side Differential Cue,cue,,published
Walk Around,1,3. Reading the Customer,3,19,Trailer Hitch and Overland Gear — The Drive-Side Differential Cue,cue,,published
Walk Around,1,3. Reading the Customer,3,19,Trailer Hitch and Overland Gear — The Drive-Side Differential Cue,cue,,published
Walk Around,1,4. Raising a Problem Well,4,11,Never Bring Up a Negative Without a Positive Solution,cue,,published
Walk Around,1,4. Raising a Problem Well,4,12,Know Your Product Better Than Your Customer,cue,,published
Walk Around,1,4. Raising a Problem Well,4,13,Speak to the 8-Year-Old AND the 88-Year-Old,cue,,published
Walk Around,1,4. Raising a Problem Well,4,14,No Negative Without a Positive Solution — The Paint Pen Rule,cue,,published
Walk Around,1,4. Raising a Problem Well,4,14,No Negative Without a Positive Solution — The Paint Pen Rule,cue,,published
Walk Around,1,4. Raising a Problem Well,4,14,No Negative Without a Positive Solution — The Paint Pen Rule,cue,,published
Walk Around,1,5. Tires on the Drive,5,20,The Tire Maintenance Ladder — Rotate · Balance · Alignment,cue,,published
Walk Around,1,5. Tires on the Drive,5,21,Print a Tire Quote for Every Customer — Even Green Tires,cue,,published
Walk Around,1,5. Tires on the Drive,5,22,Balance — The Texas Rain Safety Close,cue,,published
Walk Around,1,5. Tires on the Drive,5,23,Alignment — Emergency Braking Skid Angle,cue,,published
Walk Around,1,5. Tires on the Drive,5,24,"Road Force Balance — Quarter Ounce Precision, Interstate Speed",cue,,published
Walk Around,1,5. Tires on the Drive,5,24,"Road Force Balance — Quarter Ounce Precision, Interstate Speed",cue,,published
Walk Around,1,5. Tires on the Drive,5,24,"Road Force Balance — Quarter Ounce Precision, Interstate Speed",cue,,published
Walk Around,1,5. Tires on the Drive,5,25,Four-Wheel Alignment — One-Tenth of One Degree,cue,,published
Walk Around,1,5. Tires on the Drive,5,25,Four-Wheel Alignment — One-Tenth of One Degree,cue,,published
Walk Around,1,5. Tires on the Drive,5,25,Four-Wheel Alignment — One-Tenth of One Degree,cue,,published
Walk Around,1,6. Visibility and Wipers,6,29,Sell the Sizzle — Physical Demos Close,cue,,published
Walk Around,1,6. Visibility and Wipers,6,30,Demo It in Your Own Vehicle First,cue,,published
Walk Around,1,6. Visibility and Wipers,6,31,Check Wipers on Every RO — Including Big Tickets,cue,,published
Walk Around,1,6. Visibility and Wipers,6,31,Check Wipers on Every RO — Including Big Tickets,cue,,published
Walk Around,1,6. Visibility and Wipers,6,31,Check Wipers on Every RO — Including Big Tickets,cue,,published
Walk Around,1,6. Visibility and Wipers,6,32,Windshield Treatment — 42% of Texas Collisions Involve Reduced Visibility,cue,,published
Walk Around,1,6. Visibility and Wipers,6,32,Windshield Treatment — 42% of Texas Collisions Involve Reduced Visibility,cue,,published
Walk Around,1,6. Visibility and Wipers,6,32,Windshield Treatment — 42% of Texas Collisions Involve Reduced Visibility,cue,,published
Walk Around,1,7. The Handback,7,33,Remove PPE Visibly in Front of the Customer,cue,,published
Walk Around,1,7. The Handback,7,33,Remove PPE Visibly in Front of the Customer,cue,,published
Walk Around,1,7. The Handback,7,33,Remove PPE Visibly in Front of the Customer,cue,,published
Walk Around,1,7. The Handback,7,34,Proof the Car Before Delivery — Grease Stain Check,cue,,published
Walk Around,1,7. The Handback,7,34,Proof the Car Before Delivery — Grease Stain Check,cue,,published
Walk Around,1,7. The Handback,7,34,Proof the Car Before Delivery — Grease Stain Check,cue,,published
Walk Around,1,7. The Handback,7,35,Proof the Car for Grease Stains Before Delivery,cue,,published
Walk Around,1,7. The Handback,7,35,Proof the Car for Grease Stains Before Delivery,cue,,published
Walk Around,1,7. The Handback,7,35,Proof the Car for Grease Stains Before Delivery,cue,,published
Walk Around,1,7. The Handback,7,36,Remove PPE Visibly in Front of the Customer,cue,,published
Walk Around,1,7. The Handback,7,36,Remove PPE Visibly in Front of the Customer,cue,,published
Setting up the MPI,2,Knowledge Notes,1,1,Go Over Two Greens Before Any Red — The Trust-Building Sequence,cue,,published
Setting up the MPI,2,Knowledge Notes,1,2,"The MPI Phone Call Structure — 70 Seconds, Every Element",cue,,draft
Setting up the MPI,2,Knowledge Notes,1,3,Are You Familiar With Our...' — The Entry Question,cue,,draft
Setting up the MPI,2,Knowledge Notes,1,4,Call the Customer at the Agreed Time — Not When You Feel Like It,cue,,published
Setting up the MPI,2,Knowledge Notes,1,5,Congratulations on Your Last Decision' — Reinforce the Good Choices,cue,,draft
Setting up the MPI,2,Knowledge Notes,1,6,Green Yellow Red — Explain the Scale Every Time,cue,,draft
Setting up the MPI,2,Knowledge Notes,1,7,The Video MPI — Let the Technician Speak for Themselves,cue,,draft
Setting up the MPI,2,Knowledge Notes,1,8,The MPI Is Complementary — Lead With That,cue,,draft
Four Step Close,3,Knowledge Notes 1,1,1,The Universal 4-Step Close,cue,,draft
Four Step Close,3,Knowledge Notes 1,1,2,Give the Clock Time — Not the Minutes,cue,,draft
Four Step Close,3,Knowledge Notes 1,1,3,Be Specific with the Total,cue,,draft
Four Step Close,3,Knowledge Notes 1,1,4,Assume the Sale — Never Ask for It,cue,,draft
Four Step Close,3,Knowledge Notes 1,1,5,Practice the Close Outside Before You Use It Inside,cue,,draft
Four Step Close,3,Knowledge Notes 1,1,6,Step 1 — WHAT: Name the Service With Confidence,cue,,draft
Four Step Close,3,Knowledge Notes 1,1,7,"Step 2 — HOW MUCH: The Total Investment, Not the Cost",cue,,draft
Four Step Close,3,Knowledge Notes 1,1,8,"Step 3 — CLOCK TIME: A Specific Time, Not a Number of Minutes",cue,,published
Four Step Close,3,Knowledge Notes 2,2,9,Step 4 — AUTHORIZATION: All I Need Is Your Authorization,cue,,draft
Four Step Close,3,Knowledge Notes 2,2,10,The Complete Close — All Four Steps in One Breath,cue,,draft
Four Step Close,3,Knowledge Notes 2,2,11,When They Push Back — Which Step Did They Object To?,cue,,draft
Four Step Close,3,Knowledge Notes 2,2,12,Don't Skip Steps — The Close Only Works Complete,cue,,draft
Four Step Close,3,Knowledge Notes 2,2,13,"Offer Sunbit at Step Two — Before the Objection, Not After",cue,,published
Success Cycle,4,Knowledge Notes 1,1,1,The Full 70-Second MPI Phone Call,cue,,published
Success Cycle,4,Knowledge Notes 1,1,2,Two Green Items Before the Red,cue,,published
Success Cycle,4,Knowledge Notes 1,1,3,Ask if They Know What the Service Does,cue,,published
Success Cycle,4,Knowledge Notes 1,1,4,The Success Cycle — Confidence Breeds Sales,cue,,published
Success Cycle,4,Knowledge Notes 1,1,5,Sell Like You — Not Like Me,cue,,published
Success Cycle,4,Knowledge Notes 1,1,6,Are You Familiar With Our [Dealership] Brake Job?' — The Universal Entry,cue,,published
Success Cycle,4,Knowledge Notes 1,1,7,The Scale of 1 to 10 — Make Measurements Human,cue,,published
Success Cycle,4,Knowledge Notes 1,1,8,Caught It in Time — Reward Loyal Customers,cue,,published
Success Cycle,4,Knowledge Notes 2,2,9,Look in Their History Before You Call,cue,,published
Success Cycle,4,Knowledge Notes 2,2,10,Out With the Old In With the New — The Universal Feature/Benefit,cue,,published
Success Cycle,4,Knowledge Notes 2,2,11,Two Green Items Before the Red — Reinforced,cue,,published
Success Cycle,4,Knowledge Notes 2,2,12,"Arctic Blast — 45 Seconds, Every Customer, No Exceptions",cue,,published
Success Cycle,4,Knowledge Notes 2,2,13,Aquapel Windshield Treatment — Wiper Piggyback,cue,,published
Success Cycle,4,Knowledge Notes 2,2,14,"Oil Additive / Engine Package — 5 Minutes, $4,000-$6,000 Warranty",cue,,published
Success Cycle,4,Knowledge Notes 2,2,15,"Fuel Additive (Enhance) — 90 Seconds, $4,000 Warranty",cue,,published
Success Cycle,4,Knowledge Notes 2,2,16,Cabin Air Filter → AC Service Piggyback,cue,,published
Success Cycle,4,Knowledge Notes 3,3,17,"Battery Service — 3.5 Minutes, Prevent a $270 Repair",cue,,published
Success Cycle,4,Knowledge Notes 3,3,18,"Coolant Exchange — Under 5 Minutes, 30,000-Mile Warranty",cue,,published
Success Cycle,4,Knowledge Notes 3,3,19,"The Quick Lane Math — 2 Minutes of Work, 1.2 Hours of Labor",cue,,published
Success Cycle,4,Knowledge Notes 3,3,20,"Base Everything on Time, Mileage, and Condition",cue,,published
Success Cycle,4,Knowledge Notes 3,3,21,"The 30,000-Mile Warranty Anchor — First Service Anytime, Second at 30K",cue,,published
Success Cycle,4,Knowledge Notes 3,3,22,Is This the Vehicle You Would Evacuate In?' — The Coolant Hook,cue,,published
Success Cycle,4,Knowledge Notes 3,3,23,Stagger the Warranty Conversations — Don't Pitch All Five at Once,cue,,published
Success Cycle,4,Knowledge Notes 3,3,24,"The 110,000-Mile Transmission Rule — Drop the Pan Instead",cue,,published
Success Cycle,4,Knowledge Notes 4,4,25,All Fluids Go Bad' — The Universal Objection Retort,cue,,published
Success Cycle,4,Knowledge Notes 4,4,26,Diff Service for Truck Users and Fishermen — The Visual Cue,cue,,published
Success Cycle,4,Knowledge Notes 4,4,27,Service Priority Framework — Safety / Major / Minor,cue,,published
Success Cycle,4,Knowledge Notes 4,4,28,Arctic Blast Gets Colder FASTER — 6 Minutes,cue,,published
Success Cycle,4,Knowledge Notes 4,4,29,Hospital-Grade AC Deodorizer — Kills Viruses and Mold,cue,,published
Success Cycle,4,Knowledge Notes 4,4,30,Cabin Air Filter Affects the HEATER — Not Just the AC,cue,,published
Success Cycle,4,Knowledge Notes 4,4,31,Cabin Air Filter Upgrade Options — Go Beyond Standard,cue,,published
Success Cycle,4,Knowledge Notes 4,4,32,Humidity + Dust = Battery Threat — The Southeast Texas Angle,cue,,published
Success Cycle,4,Knowledge Notes 5,5,33,"Beat the Heat — Arctic Blast + AC EVAP = 30,000-Mile Compressor Warranty",cue,,published
Success Cycle,4,Knowledge Notes 5,5,34,Arctic Blast Gets Cold Faster — 6 to 8 Minutes,cue,,published
Success Cycle,4,Knowledge Notes 5,5,35,Arctic Blast — 6 to 8 Minutes Faster to Maximum Cold,cue,,published
Success Cycle,4,Knowledge Notes 5,5,36,The Pre-Selling Word Track — 'Bundled for Your Safety and Savings',cue,,published
Success Cycle,4,Knowledge Notes 5,5,37,At This Stage of Your Vehicle's Life' — The Interval Opener,cue,,published
Success Cycle,4,Knowledge Notes 5,5,38,Push to Text — 'Is This a Number We Can Text Updates To?',cue,,published
Success Cycle,4,Knowledge Notes 5,5,39,"5,000-Mile Service = Longevity of Ownership — The BDC Framing",cue,,published
Success Cycle,4,Knowledge Notes 5,5,40,Winterizing Package — Cold Weather Pre-Sell Framework,cue,,published
Success Cycle,4,Knowledge Notes 6,6,41,Pin Drops in Text Threads — Remove the Friction of Directions,cue,,published
Success Cycle,4,Knowledge Notes 6,6,42,Build the Packet Before the Customer Arrives,cue,,published
Success Cycle,4,Knowledge Notes 6,6,43,Have You Cheated on Me?' — Ask If They Serviced Elsewhere,cue,,published
Success Cycle,4,Knowledge Notes 6,6,44,Count the Visits — Acknowledge Loyalty Out Loud,cue,,published
Success Cycle,4,Knowledge Notes 6,6,45,Congratulate the Customer on Their Last Visit Decisions,cue,,published
Success Cycle,4,Knowledge Notes 6,6,46,My Favorite Part of This Package Is...' — The Waiter Move,cue,,published
Success Cycle,4,Knowledge Notes 6,6,47,Answer the Phone in 2-3 Rings — 5 Rings Costs You 25%,cue,,published
Success Cycle,4,Knowledge Notes 6,6,48,Update Your Voicemail Daily — The Best Ability Is Availability,cue,,published
Success Cycle,4,Knowledge Notes 7,7,49,"Steer to Text — 'I Can't Always Be by My Phone, but I Can Always See a Text'",cue,,published
Success Cycle,4,Knowledge Notes 7,7,50,Dissuade Waiters — Surveys Are Better Without Them,cue,,published
Success Cycle,4,Knowledge Notes 7,7,51,Are You Here to See Anyone in Particular?' — Never Ask About the Appointment,cue,,published
Success Cycle,4,Knowledge Notes 7,7,52,The Benefit Formula — When You / You Will,cue,,published
Success Cycle,4,Knowledge Notes 7,7,53,Universal Reasons Preventive Maintenance Matters,cue,,published
Success Cycle,4,Knowledge Notes 7,7,54,"The Timeliness Sweet Spot — Set the Expectation, Then Hit It",cue,,published
Success Cycle,4,Knowledge Notes 7,7,55,The Yellow Light Explanation — Why Brakes Go From Green to Red,cue,,published
Overcoming Objections,5,Knowledge Notes 1,1,1,No Is Not an Objection,cue,,published
Overcoming Objections,5,Knowledge Notes 1,1,2,The Warranty Objection Handle,cue,,published
Overcoming Objections,5,Knowledge Notes 1,1,3,The Decision Maker Objection — Information Overload Close,cue,,published
Overcoming Objections,5,Knowledge Notes 1,1,4,The Competitor Objection — Never Tear Them Down,cue,,published
Overcoming Objections,5,Knowledge Notes 1,1,5,"The Time Objection — Shuttle, Uber, or Voucher",cue,,published
Overcoming Objections,5,Knowledge Notes 1,1,6,The Trade-In Objection — Appraisal Value Close,cue,,published
Overcoming Objections,5,Knowledge Notes 1,1,7,The Money Objection — Sunbit Before They Finish the Sentence,cue,,published
Overcoming Objections,5,Knowledge Notes 1,1,8,"The Takeaway Close — If Not Here, Go Somewhere",cue,,published
Overcoming Objections,5,Knowledge Notes 2,2,9,Never Call the Spouse — No Matter What,cue,,published
Overcoming Objections,5,Knowledge Notes 2,2,10,Track Every No — Write Down Why Customers Say No,cue,,published
Overcoming Objections,5,Knowledge Notes 2,2,11,The Four Objection Categories — Have a Response Ready for Each,cue,,published
Overcoming Objections,5,Knowledge Notes 2,2,12,Introduce Sunbit at Write-Up — Not After the No,cue,,published
Overcoming Objections,5,Knowledge Notes 2,2,13,Angry Customer on the Phone — Lower Your Voice,cue,,published
Overcoming Objections,5,Knowledge Notes 2,2,14,Listen for Trigger Moments — Redirect Before the Eruption,cue,,published
Overcoming Objections,5,Knowledge Notes 2,2,15,I Wouldn't Be Doing My Job If...' — The Effort Redirect,cue,,published
Overcoming Objections,5,Knowledge Notes 2,2,16,The 5-Step De-Escalation Flow — For Angry Callers,cue,,published
Overcoming Objections,5,Knowledge Notes 3,3,17,"Validate First, Solve Second — The Sequence That Prevents Escalation",cue,,published
Overcoming Objections,5,Knowledge Notes 3,3,18,Own the Call — Fall on the Sword for the Team,cue,,published
Overcoming Objections,5,Knowledge Notes 3,3,19,Interrupt the Negative Momentum — 'May I Jump In for a Moment?',cue,,published
Overcoming Objections,5,Knowledge Notes 3,3,20,Clarifying Questions — Find the Origin and the Desired Outcome,cue,,published
Overcoming Objections,5,Knowledge Notes 3,3,21,Close the Loop — Create an Action Item With a Specific Time,cue,,published
Overcoming Objections,5,Knowledge Notes 3,3,22,I Want to Do a Reset' — For Customers With Multiple Bad Experiences,cue,,published
Overcoming Objections,5,Knowledge Notes 3,3,23,Empathy Without Agreeing With the Facts,cue,,published
Overcoming Objections,5,Knowledge Notes 3,3,24,Send Them Away Ethically — The Trust Move That Closes,cue,,published
Overcoming Objections,5,Knowledge Notes 4,4,25,Say the Number Out Loud — Acknowledge Sticker Shock Before Pivoting,cue,,published
Overcoming Objections,5,Knowledge Notes 4,4,26,Sunbit Builds Credit — The Third Benefit Advisors Are Missing,cue,,published
Overcoming Objections,5,Knowledge Notes 4,4,27,Bad Video Recovery — Fall on Your Sword,cue,,published
Overcoming Objections,5,Closing Strategies,5,28,Before You Say No,cue,,published
Overcoming Objections,5,Closing Strategies,5,29,My Fluid Looks Fine — The Burnt Not Dirty Comeback,cue,,published
Power of Positive Language,6,Knowledge Notes 1,1,1,TELL → SHARE,cue,,published
Power of Positive Language,6,Knowledge Notes 1,1,2,EXPLAIN → OPTIONS / CHOICES / DETAILS,cue,,published
Power of Positive Language,6,Knowledge Notes 1,1,3,COST / PRICE → TOTAL / TOTAL INVESTMENT,cue,,published
Power of Positive Language,6,Knowledge Notes 1,1,4,TECHNICIAN → CERTIFIED TECHNICIAN (by name),cue,,published
Power of Positive Language,6,Knowledge Notes 1,1,5,SELL ONLY TWO THINGS,cue,,published
Power of Positive Language,6,Knowledge Notes 1,1,6,WAITING AREA → LOUNGE,cue,,published
Power of Positive Language,6,Knowledge Notes 1,1,7,GAS MILEAGE → FUEL EFFICIENCY,cue,,published
Power of Positive Language,6,Knowledge Notes 1,1,8,FLUSH → FLUID EXCHANGE,cue,,published
Power of Positive Language,6,Knowledge Notes 2,2,9,PROBLEM / ISSUE → ITEM OF CONCERN,cue,,published
Power of Positive Language,6,Knowledge Notes 2,2,10,YOUR VEHICLE → YOUR [MODEL NAME],cue,,published
Power of Positive Language,6,Knowledge Notes 2,2,11,TECHNICIAN FOUND → CERTIFIED TECHNICIAN GRADED,cue,,published
Power of Positive Language,6,Knowledge Notes 2,2,12,TYPICALLY → ELIMINATE IT,cue,,published
Power of Positive Language,6,Knowledge Notes 2,2,13,WORKING ON → COMPLETING,cue,,published
Power of Positive Language,6,Knowledge Notes 2,2,14,PITCH THE POSITIVE FIRST,cue,,published
Power of Positive Language,6,Knowledge Notes 2,2,15,CONCERN → replaces PROBLEM / ISSUE (Empathy Framing),cue,,published
Power of Positive Language,6,Knowledge Notes 2,2,16,DROP 'COMMUNITY' INTO WORD TRACKS,cue,,published
Power of Positive Language,6,Knowledge Notes 3,3,17,BRAKE FLUSH → BRAKE FLUID EXCHANGE — Always,cue,,published
Power of Positive Language,6,Knowledge Notes 3,3,18,"5,000-MILE SERVICE — Never Oil Change",cue,,published
Power of Positive Language,6,Knowledge Notes 3,3,19,AND — The One-Word Upsell,cue,,published
Power of Positive Language,6,Knowledge Notes 3,3,20,COVERAGE → ASSISTANCE — Never Overpromise,cue,,published
Power of Positive Language,6,Knowledge Notes 3,3,21,CALM DOWN → 'I Can Hear That You're Frustrated',cue,,published
Power of Positive Language,6,Knowledge Notes 3,3,22,COST / PRICE → TOTAL INVESTMENT — The 'Costly Battle' Test,cue,,published
Power of Positive Language,6,Knowledge Notes 3,3,23,APPOINTMENT → RESERVATION — And Confirm It This Way,cue,,published
Power of Positive Language,6,Knowledge Notes 3,3,24,"I DON'T KNOW' → 'I Don't Know, But I Know Someone Who Does'",cue,,published
Power of Positive Language,6,Knowledge Notes 4,4,25,SORRY' → 'I UNDERSTAND' — Studies Show the Shift,cue,,published
Power of Positive Language,6,Knowledge Notes 4,4,26,DEALING → TAKING CARE OF — Never Deal With a Customer,cue,,published
Power of Positive Language,6,Knowledge Notes 4,4,27,APPOINTMENT → RESERVATION — The Mindset Shift,cue,,published
Power of Positive Language,6,Knowledge Notes 4,4,28,WAITING AREA → LOUNGE (arrival) / LIMITED SEATING (phone),cue,,published
Power of Positive Language,6,Knowledge Notes 4,4,29,FREE → COMPLIMENTARY — Every Amenity and Car Wash,cue,,published
Power of Positive Language,6,Knowledge Notes 4,4,30,WORKED ON → COMPLETED / REPLACED — Work Is a Negative Word,cue,,published
Power of Positive Language,6,Knowledge Notes 4,4,31,A LOT → THOROUGH — The Menu Presentation Swap,cue,,published
Power of Positive Language,6,Knowledge Notes 4,4,32,MIGHT → Either Do It or Don't — Remove Doubt From Your Delivery Language,cue,,published
Power of Positive Language,6,Knowledge Notes 5,5,33,Be Knowledgeable — But Don't Be a Know-It-All,cue,,published
Power of Positive Language,6,Knowledge Notes 5,5,34,Find Your Low-Key Word — Adapt the Framework to Your Voice,cue,,published
Power of Positive Language,6,Knowledge Notes 5,5,35,"Burnt, Not Dirty — The Word That Gets the Fluid Sale Wrong",cue,,published
Power of Positive Language,6,Knowledge Notes 5,5,36,Caramelized Onions — The Cooking Analogy for Fluid Color,cue,,published
Power of Positive Language,6,Knowledge Notes 5,5,37,Explain It Like You're Explaining It to a Five-Year-Old,cue,,published
Power of Positive Language,6,Knowledge Notes 5,5,38,Never Say Injector Tips or Carbon Buildup,cue,,published
Power of Positive Language,6,Knowledge Notes 5,5,39,I Ain't Your Boss — The Permission-Giving Opener,cue,,published
Power of Positive Language,6,Knowledge Notes 5,5,40,Don't Say OEM — Say the Brand Name,cue,,published
Power of Positive Language,6,Knowledge Notes 6,6,41,"Don't Name Vendor Brands to Customers — They're Yours, Not Ours",cue,,published
Power of Positive Language,6,Knowledge Notes 6,6,42,Control Freak vs. Passive — Switch the Verb to Match the Customer,cue,,published
Power of Positive Language,6,Knowledge Notes 6,6,43,"Don't Assume the Kids Are Theirs — Transport Children, Not Have Children",cue,,published
Power of Positive Language,6,Knowledge Notes 6,6,44,"Engine Health Restoration, Not Flush",cue,,published
Power of Positive Language,6,Knowledge Notes 6,6,45,"Hazing Over, Not Cloudy / Dirty",cue,,published
Power of Positive Language,6,Closing Strategies,7,46,OEM → 'GENUINE [BRAND] PARTS' — Never Use the Acronym,cue,,published
Power of Positive Language,6,Closing Strategies,7,47,PER SIDE → 'FRONT AND REAR' — Never Make Customers Do Math,cue,,published
Power of Positive Language,6,Closing Strategies,7,48,100% FLUID EXCHANGE — Not a Reservoir Top-Off,cue,,published
Power of Positive Language,6,Closing Strategies,7,49,Drivability and Traction — Name the Sensation,cue,,published
Power of Positive Language,6,Closing Strategies,7,50,The Sore Throat Method — Fuel System Service Pitch,cue,,published
Power of Positive Language,6,Closing Strategies,7,51,The Clogged Artery Method — Fuel System Service Pitch,cue,,published
