old_name,new_name,prefix_or_op_code,family_or_group,stage,pile,note,disposition
IMG_2494.MOV,CRAFT — You Cannot Lose — unattributed — Mitch Hardt — v1.mov,CRAFT,(single),,unrouted,,draft
IMG_2526.MOV,CRAFT — Sing It — Mitch Hardt — v1.mov,CRAFT,(single),,unrouted,ALSO LIVE,draft
IMG_2527.MOV,CRAFT — Strawberry Lemonade — Mitch Hardt — v1.mov,CRAFT,(single),,unrouted,,draft
IMG_2529.MOV,"CRAFT — The Big Ticket Visit, Part 1 — Mitch Hardt — v1.mov",CRAFT,The Big Ticket Visit,,unrouted,,draft
IMG_2531.MOV,"CRAFT — The Big Ticket Visit, Part 2 — Mitch Hardt — v1.mov",CRAFT,The Big Ticket Visit,,unrouted,ALSO LIVE,draft
IMG_2533.MOV,"CRAFT — The Big Ticket Visit, Part 3 — Mitch Hardt — v1.mov",CRAFT,The Big Ticket Visit,,unrouted,,draft
IMG_2534.MOV,"CRAFT — Overcoming Objections, Part 1 — Mitch Hardt — v1.mov",CRAFT,Overcoming Objections,,unrouted,,draft
IMG_2538.MOV,"CRAFT — Overcoming Objections, Part 2 — How to Take a No — Mitch Hardt — v1.mov",CRAFT,Overcoming Objections,,unrouted,,draft
IMG_2542.MOV,EAF-001 — Objections — Mitch Hardt — v1.mov,EAF-001,Filters,,non-canonical stage,stage unset; slate said Objections,draft
IMG_2546.MOV,BFF-012 — Objections — Mitch Hardt — v1.mov,BFF-012,Brake Service,,non-canonical stage,stage unset; slate said Objections,draft
IMG_2547.MOV,CLF-010 — Objections — Mitch Hardt — v1.mov,CLF-010,Fluids,,non-canonical stage,stage unset; slate said Objections,draft
IMG_2549.MOV,PSF-013 — Objections — Mitch Hardt — v1.mov,PSF-013,Fluids,,non-canonical stage,stage unset; slate said Objections,draft
IMG_2550.MOV,TRF-011 — Objections — Mitch Hardt — v1.mov,TRF-011,Fluids,,non-canonical stage,stage unset; slate said Objections,draft
IMG_2552.MOV,"ACR-047 — On the Drive, Part 1 — Mitch Hardt — v1.mov",ACR-047,HVAC,On the Drive,restructure,,draft
IMG_2553.MOV,"ACR-047 — On the Drive, Part 2 — Mitch Hardt — v1.mov",ACR-047,HVAC,On the Drive,restructure,,draft
IMG_2555.MOV,"ACR-047 — On the Drive, Part 3 — Mitch Hardt — v1.mov",ACR-047,HVAC,On the Drive,restructure,,draft
IMG_2557.MOV,"ACR-047 — At the Kiosk, Part 1 — Mitch Hardt — v1.mov",ACR-047,HVAC,At the Kiosk,restructure,,draft
IMG_2560.MOV,"ACR-047 — At the Kiosk, Part 2 — Mitch Hardt — v1.mov",ACR-047,HVAC,At the Kiosk,restructure,,draft
IMG_2562.MOV,"ACR-047 — After-MPI, Part 1 — Mitch Hardt — v1.mov",ACR-047,HVAC,After-MPI,restructure,,draft
IMG_2568.MOV,ACR-047 — At the Kiosk — Mitch Hardt — v1.mov,ACR-047,HVAC,At the Kiosk,restructure,,draft
IMG_2569.MOV,ACR-047 — MPI Setup — Mitch Hardt — v1.mov,ACR-047,HVAC,MPI Setup,clean,,draft
IMG_2570.MOV,ACR-047 — After-MPI — Mitch Hardt — v1.mov,ACR-047,HVAC,After-MPI,restructure,,draft
IMG_2571.MOV,"ACR-047 — After-MPI, Part 2 — Mitch Hardt — v1.mov",ACR-047,HVAC,After-MPI,restructure,,draft
IMG_2572.MOV,"TMB-039 — On the Drive, Part 1 — Mitch Hardt — v1.mov",TMB-039,Belts & Cooling,On the Drive,restructure,,draft
IMG_2573.MOV,"TMB-039 — On the Drive, Part 2 — Mitch Hardt — v1.mov",TMB-039,Belts & Cooling,On the Drive,restructure,,draft
IMG_2574.MOV,TMB-039 — At the Kiosk — Mitch Hardt — v2.mov,TMB-039,Belts & Cooling,At the Kiosk,reshoot,,draft
IMG_2576.MOV,,TMB-039,Belts & Cooling,MPI Setup,HELD,matches a live film within 1s,not uploaded
IMG_2577.MOV,"TMB-039 — After-MPI, Part 1 — Mitch Hardt — v1.mov",TMB-039,Belts & Cooling,After-MPI,restructure,,draft
IMG_2578.MOV,"TMB-039 — After-MPI, Part 2 — Mitch Hardt — v1.mov",TMB-039,Belts & Cooling,After-MPI,restructure,,draft
IMG_2580.MOV,TMB-039 — Piggyback — Mitch Hardt — v1.mov,TMB-039,Belts & Cooling,,non-canonical stage,stage unset; slate said Piggyback,draft
IMG_2581.MOV,CLH-042 — On the Drive — Mitch Hardt — v1.mov,CLH-042,Belts & Cooling,On the Drive,restructure,,draft
IMG_2582.MOV,"CLH-042 — On the Drive, Part 2 — Mitch Hardt — v1.mov",CLH-042,Belts & Cooling,On the Drive,restructure,,draft
IMG_2583.MOV,CLH-042 — At the Kiosk — Mitch Hardt — v2.mov,CLH-042,Belts & Cooling,At the Kiosk,reshoot,,draft
IMG_2584.MOV,CLH-042 — MPI Setup — Mitch Hardt — v2.mov,CLH-042,Belts & Cooling,MPI Setup,reshoot,,draft
IMG_2585.MOV,CLH-042 — After-MPI — Mitch Hardt — v2.mov,CLH-042,Belts & Cooling,After-MPI,reshoot,,draft
IMG_2587.MOV,CLH-042 — Piggyback — Mitch Hardt — v1.mov,CLH-042,Belts & Cooling,,non-canonical stage,stage unset; slate said Piggyback,draft
IMG_2590.MOV,"SRP-038 — On the Drive, Part 1 — Mitch Hardt — v2.mov",SRP-038,Belts & Cooling,On the Drive,reshoot,,draft
IMG_2591.MOV,SRP-038 — At the Kiosk — Mitch Hardt — v2.mov,SRP-038,Belts & Cooling,At the Kiosk,reshoot,,draft
IMG_2592.MOV,SRP-038 — MPI Setup — Mitch Hardt — v2.mov,SRP-038,Belts & Cooling,MPI Setup,reshoot,,draft
IMG_2593 2.MOV,,,,,twin,-> _twins/,not uploaded
IMG_2593.MOV,SRP-038 — After-MPI — Mitch Hardt — v2.mov,SRP-038,Belts & Cooling,After-MPI,reshoot,,draft
IMG_2595 2.MOV,,,,,twin,-> _twins/,not uploaded
IMG_2595.MOV,"WBF-018 — On the Drive, Part 1 — Mitch Hardt — v1.mov",WBF-018,Wipers,On the Drive,clean,,draft
IMG_2598 2.MOV,,,,,twin,-> _twins/,not uploaded
IMG_2598.MOV,"WBF-018 — On the Drive, Part 2 — Mitch Hardt — v1.mov",WBF-018,Wipers,On the Drive,clean,,draft
IMG_2600 2.MOV,,,,,twin,-> _twins/,not uploaded
IMG_2600.MOV,WBF-018 — At the Kiosk — Mitch Hardt — v2.mov,WBF-018,Wipers,At the Kiosk,reshoot,,draft
IMG_2601 2.MOV,,,,,twin,-> _twins/,not uploaded
IMG_2601.MOV,WBF-018 — MPI Setup — Mitch Hardt — v1.mov,WBF-018,Wipers,MPI Setup,clean,,draft
IMG_2607 (1).MOV,,,,,twin,-> _twins/,not uploaded
IMG_2607.MOV,WBF-018 — After-MPI — Mitch Hardt — v2.mov,WBF-018,Wipers,After-MPI,reshoot,,draft
IMG_2609 (1).MOV,,,,,twin,-> _twins/,not uploaded
IMG_2609.MOV,WBF-018 — Piggyback — Mitch Hardt — v1.mov,WBF-018,Wipers,,non-canonical stage,stage unset; slate said Piggyback,draft
IMG_2611.MOV,"CRAFT — The Four Minute Walk-Around, Part 1 — Mitch Hardt — v1.mov",CRAFT,Walk Around,,unrouted,,draft
IMG_2612.MOV,"CRAFT — The Four Minute Walk-Around, Part 2 — Mitch Hardt — v1.mov",CRAFT,Walk Around,,unrouted,,draft
IMG_2613.MOV,"CRAFT — The Four Minute Walk-Around, Part 3 — Mitch Hardt — v1.mov",CRAFT,Walk Around,,unrouted,,draft
IMG_2614.MOV,BAT-033 — On the Drive — Mitch Hardt — v1.mov,BAT-033,Battery,On the Drive,no evidence,,draft
IMG_2615.MOV,BAT-033 — At the Kiosk — Mitch Hardt — v1.mov,BAT-033,Battery,At the Kiosk,no evidence,,draft
IMG_2618.MOV,BAT-033 — MPI Setup — Mitch Hardt — v1.mov,BAT-033,Battery,MPI Setup,no evidence,,draft
IMG_2621.MOV,BAT-033 — After-MPI — Mitch Hardt — v1.mov,BAT-033,Battery,After-MPI,no evidence,,draft
IMG_2622.MOV,BAT-033 — Objections — Mitch Hardt — v1.mov,BAT-033,Battery,,no evidence,stage unset; slate said Objections,draft
IMG_2629.MOV,CPC-051 — On the Drive — Mitch Hardt — v1.mov,CPC-051,EV & Hybrid,On the Drive,clean,,draft
IMG_2633.MOV,CPC-051 — At the Kiosk — Mitch Hardt — v1.mov,CPC-051,EV & Hybrid,At the Kiosk,clean,,draft
IMG_2637.MOV,CPC-051 — MPI Setup — Mitch Hardt — v1.mov,CPC-051,EV & Hybrid,MPI Setup,clean,,draft
IMG_2638.MOV,CPC-051 — After-MPI — Mitch Hardt — v1.mov,CPC-051,EV & Hybrid,After-MPI,clean,,draft
IMG_2639.MOV,RDD-052 — On the Drive — Mitch Hardt — v1.mov,RDD-052,EV & Hybrid,On the Drive,clean,,draft
IMG_2642.MOV,RDD-052 — At the Kiosk — Mitch Hardt — v1.mov,RDD-052,EV & Hybrid,At the Kiosk,clean,,draft
IMG_2643.MOV,RDD-052 — MPI Setup — Mitch Hardt — v1.mov,RDD-052,EV & Hybrid,MPI Setup,clean,,draft
IMG_2644.MOV,RDD-052 — After-MPI — Mitch Hardt — v1.mov,RDD-052,EV & Hybrid,After-MPI,clean,,draft
IMG_2646.MOV,ACE-053 — On the Drive — Mitch Hardt — v1.mov,ACE-053,HVAC,On the Drive,no evidence,,draft
IMG_2647.MOV,ACE-053 — At the Kiosk — Mitch Hardt — v1.mov,ACE-053,HVAC,At the Kiosk,no evidence,,draft
IMG_2648.MOV,ACE-053 — MPI Setup — Mitch Hardt — v1.mov,ACE-053,HVAC,MPI Setup,no evidence,,draft
IMG_2650.MOV,ACE-053 — After-MPI — Mitch Hardt — v1.mov,ACE-053,HVAC,After-MPI,no evidence,,draft
IMG_2695.MOV,CRAFT — The OE Approach — The Maintenance Menu — Mitch Hardt — v1.mov,CRAFT,The OE Approach,,unrouted,,draft
IMG_2697.MOV,CRAFT — The OE Approach — Severe Conditions — Mitch Hardt — v1.mov,CRAFT,The OE Approach,,unrouted,,draft
IMG_2698.MOV,CRAFT — The OE Approach — Lifetime Fluid — Mitch Hardt — v1.mov,CRAFT,The OE Approach,,unrouted,,draft
IMG_2700.MOV,CRAFT — The OE Approach — Use the Chart — Mitch Hardt — v1.mov,CRAFT,The OE Approach,,unrouted,,draft
IMG_2701.MOV,CRAFT — The OE Stagger — Why We Spread Them Out — Mitch Hardt — v1.mov,CRAFT,The OE Stagger,,unrouted,,draft
IMG_2703.MOV,CRAFT — The OE Stagger — The Order and Why — Mitch Hardt — v1.mov,CRAFT,The OE Stagger,,unrouted,,draft
IMG_2705.MOV,CRAFT — The OE Stagger — Running It — Mitch Hardt — v1.mov,CRAFT,The OE Stagger,,unrouted,,draft
IMG_2712.MOV,CRAFT — Dealer Upsell Menus and Interval Charts — Opener — Mitch Hardt — v1.mov,CRAFT,(single),,unrouted,,draft
IMG_2714.MOV,"MENU — 5,075 Mile Dealer Upsell Menu — Mitch Hardt — v1.mov",MENU,(menu/interval),,MNU non-coachable,,draft
IMG_2716.MOV,"MENU — 5,075 Mile Dealer Upsell Menu — Mitch Hardt — v1.mov",MENU,(menu/interval),,MNU non-coachable,,draft
IMG_2717.MOV,"MENU — 10,000 Mile Dealer Upsell Menu, Part 1 — Mitch Hardt — v1.mov",MENU,(menu/interval),,MNU non-coachable,,draft
IMG_2719.MOV,"MENU — 10,000 Mile Dealer Upsell Menu, Part 2 — Mitch Hardt — v1.mov",MENU,(menu/interval),,MNU non-coachable,,draft
IMG_2722.MOV,"MENU — 10,000 Mile Dealer Upsell Menu — Mitch Hardt — v1.mov",MENU,(menu/interval),,MNU non-coachable,,draft
IMG_2724.MOV,"MENU — 10,000 Mile Dealer Upsell Menu, Part 4 — Mitch Hardt — v1.mov",MENU,(menu/interval),,MNU non-coachable,,draft
IMG_2726.MOV,"MENU — 15,000 Mile Dealer Upsell Menu, Part 1 — Mitch Hardt — v1.mov",MENU,(menu/interval),,MNU non-coachable,,draft
IMG_2727.MOV,"MENU — 15,000 Mile Dealer Upsell Menu, Part 2 — Mitch Hardt — v1.mov",MENU,(menu/interval),,MNU non-coachable,,draft
IMG_2728.MOV,"MENU — 15,000 Mile Dealer Upsell Menu, Part 3 — Mitch Hardt — v1.mov",MENU,(menu/interval),,MNU non-coachable,,draft
IMG_2729.MOV,"MENU — 15,000 Mile Dealer Upsell Menu, Part 4 — Mitch Hardt — v1.mov",MENU,(menu/interval),,MNU non-coachable,,draft
IMG_2730.MOV,"MENU — 15,000 Mile Dealer Upsell Menu, Part 5 — Mitch Hardt — v1.mov",MENU,(menu/interval),,MNU non-coachable,,draft
IMG_2731.MOV,"MENU — 20,000 Mile Dealer Upsell Menu, Part 1 — Mitch Hardt — v1.mov",MENU,(menu/interval),,MNU non-coachable,,draft
IMG_2734.MOV,"MENU — 20,000 Mile Dealer Upsell Menu, Part 2 — Mitch Hardt — v1.mov",MENU,(menu/interval),,MNU non-coachable,,draft
IMG_2736.MOV,"MENU — 20,000 Mile Dealer Upsell Menu, Part 3 — Mitch Hardt — v1.mov",MENU,(menu/interval),,MNU non-coachable,,draft
IMG_2738.MOV,"MENU — 20,000 Mile Dealer Upsell Menu, Part 4 — Mitch Hardt — v1.mov",MENU,(menu/interval),,MNU non-coachable,,draft
IMG_2748.MOV,"MENU — 25,000 Mile Dealer Upsell Menu — Mitch Hardt — v1.mov",MENU,(menu/interval),,MNU non-coachable,,draft
IMG_2749.MOV,"MENU — 25,000 Mile Dealer Upsell Menu — Mitch Hardt — v1.mov",MENU,(menu/interval),,MNU non-coachable,,draft
IMG_2753.MOV,"MENU — 25,000 Mile Dealer Upsell Menu, Part 2 — Mitch Hardt — v1.mov",MENU,(menu/interval),,MNU non-coachable,,draft
IMG_2755.MOV,"MENU — 25,000 Mile Dealer Upsell Menu, Part 3 — Mitch Hardt — v1.mov",MENU,(menu/interval),,MNU non-coachable,,draft
IMG_2756.MOV,"MENU — 25,000 Mile Dealer Upsell Menu, Part 4 — Mitch Hardt — v1.mov",MENU,(menu/interval),,MNU non-coachable,,draft
IMG_2758.MOV,"MENU — 25,000 Mile Dealer Upsell Menu, Part 5 — Mitch Hardt — v1.mov",MENU,(menu/interval),,MNU non-coachable,,draft
IMG_2760.MOV,"MENU — 30,000 Mile Dealer Upsell Menu — Mitch Hardt — v1.mov",MENU,(menu/interval),,MNU non-coachable,,draft
IMG_2769.MOV,"MENU — 30,000 Mile Dealer Upsell Menu — Mitch Hardt — v1.mov",MENU,(menu/interval),,MNU non-coachable,,draft
IMG_2771.MOV,"MENU — 30,000 Mile Dealer Upsell Menu, Part 3 — Mitch Hardt — v1.mov",MENU,(menu/interval),,MNU non-coachable,,draft
IMG_2773.MOV,"MENU — 30,000 Mile Dealer Upsell Menu, Part 4 — Mitch Hardt — v1.mov",MENU,(menu/interval),,MNU non-coachable,,draft
IMG_2774.MOV,"MENU — 30,000 Mile Dealer Upsell Menu, Part five — Mitch Hardt — v1.mov",MENU,(menu/interval),,MNU non-coachable,,draft
IMG_2778.MOV,"MENU — 35,000 Mile Dealer Upsell Menu, Part 1 — Mitch Hardt — v1.mov",MENU,(menu/interval),,MNU non-coachable,,draft
IMG_2779.MOV,"MENU — 35,000 Mile Dealer Upsell Menu, Part 2 — Mitch Hardt — v1.mov",MENU,(menu/interval),,MNU non-coachable,,draft
IMG_2780.MOV,"MENU — 35,000 Mile Dealer Upsell Menu, Part 3 — Mitch Hardt — v1.mov",MENU,(menu/interval),,MNU non-coachable,,draft
IMG_2783.MOV,"MENU — 40,000 Mile Dealer Upsell Menu, Part 1 — Mitch Hardt — v1.mov",MENU,(menu/interval),,MNU non-coachable,,draft
IMG_2785.MOV,"MENU — 40,000 Mile Dealer Upsell Menu, Part 2 — Mitch Hardt — v1.mov",MENU,(menu/interval),,MNU non-coachable,,draft
IMG_2788.MOV,"MENU — 40,000 Mile Dealer Upsell Menu, Part 3 — Mitch Hardt — v1.mov",MENU,(menu/interval),,MNU non-coachable,,draft
IMG_2789.MOV,"MENU — 45,000 Mile Dealer Upsell Menu, Part 1 — Mitch Hardt — v1.mov",MENU,(menu/interval),,MNU non-coachable,,draft
IMG_2790.MOV,"MENU — 45,000 Mile Dealer Upsell Menu, Part 2 — Mitch Hardt — v1.mov",MENU,(menu/interval),,MNU non-coachable,,draft
IMG_2793.MOV,"MENU — 45,000 Mile Dealer Upsell Menu, Part 3 — Mitch Hardt — v1.mov",MENU,(menu/interval),,MNU non-coachable,,draft
IMG_2794.MOV,"MENU — 45,000 Mile Dealer Upsell Menu, Part 4 — Mitch Hardt — v1.mov",MENU,(menu/interval),,MNU non-coachable,,draft
IMG_2799.MOV,"MENU — 50,000 Mile Dealer Upsell Menu, Part 1 — Mitch Hardt — v1.mov",MENU,(menu/interval),,MNU non-coachable,,draft
IMG_2800.MOV,"MENU — 50,000 Mile Dealer Upsell Menu, Part 2 — Mitch Hardt — v1.mov",MENU,(menu/interval),,MNU non-coachable,,draft
IMG_2801.MOV,"MENU — 50,000 Mile Dealer Upsell Menu, Part 3 — Mitch Hardt — v1.mov",MENU,(menu/interval),,MNU non-coachable,,draft
IMG_2802.MOV,"MENU — 50,000 Mile Dealer Upsell Menu, Part 4 — Mitch Hardt — v1.mov",MENU,(menu/interval),,MNU non-coachable,,draft
IMG_2805.MOV,"MENU — 55,000 Mile Dealer Upsell Menu, Part 1 — Mitch Hardt — v1.mov",MENU,(menu/interval),,MNU non-coachable,,draft
IMG_2807.MOV,"MENU — 55,000 Mile Dealer Upsell Menu, Part 2 — Mitch Hardt — v1.mov",MENU,(menu/interval),,MNU non-coachable,,draft
IMG_2809.MOV,"MENU — 55,000 Mile Dealer Upsell Menu, Part 3 — Mitch Hardt — v1.mov",MENU,(menu/interval),,MNU non-coachable,,draft
IMG_2810.MOV,"MENU — 60,000 Mile Dealer Upsell Menu, Part 1 — Mitch Hardt — v1.mov",MENU,(menu/interval),,MNU non-coachable,,draft
IMG_2811.MOV,"MENU — 60,000 Mile Dealer Upsell Menu, Part 2 — Mitch Hardt — v1.mov",MENU,(menu/interval),,MNU non-coachable,,draft
IMG_2814.MOV,"MENU — 60,000 Mile Dealer Upsell Menu, Part 3 — Mitch Hardt — v1.mov",MENU,(menu/interval),,MNU non-coachable,,draft
IMG_2816.MOV,"MENU — 60,000 Mile Dealer Upsell Menu, Part 4 — Mitch Hardt — v1.mov",MENU,(menu/interval),,MNU non-coachable,,draft
IMG_2817.MOV,"MENU — 65,000 Mile Dealer Upsell Menu, Part 1 — Mitch Hardt — v1.mov",MENU,(menu/interval),,MNU non-coachable,,draft
IMG_2818.MOV,"MENU — 65,000 Mile Dealer Upsell Menu, Part 2 — Mitch Hardt — v1.mov",MENU,(menu/interval),,MNU non-coachable,,draft
IMG_2821.MOV,"MENU — 70,000 Mile Dealer Upsell Menu, Part 2 — Mitch Hardt — v1.mov",MENU,(menu/interval),,MNU non-coachable,,draft
IMG_2822.MOV,"MENU — 70,000 Mile Dealer Upsell Menu, Part 2 — Mitch Hardt — v1.mov",MENU,(menu/interval),,MNU non-coachable,,draft
