course,module,question,option_a,option_b,option_c,option_d,answer,explanation,source_cue_title
The Walk-Around,1. The Walk-Around Routine,What is the number one reason to do a walk-around?,To find things wrong with the car,To pass the time while the tech is busy,To train the customer to do what you say do,To check the tire pressure,C,"Mitch: ask them to get in, they get in. Ask them to fire it up, they fire it up. You are training them to follow your direction before you ever recommend anything.",The 30-Second Walk-Around (Full Script)
The Walk-Around,1. The Walk-Around Routine,Roughly what percentage of customers approve all recommendations without a phone call?,1%,5%,15%,25%,B,5% will simply approve everything the moment they arrive. Knowing that number keeps you from assuming everyone needs convincing.,The 5% Who Click Approve Without Being Asked
The Walk-Around,1. The Walk-Around Routine,Which of these is the easiest thing to offer a customer on the drive?,A transmission service,A four-wheel alignment,An engine flush,Windshield wipers,D,Wipers are the easiest ask. The point is getting accustomed to asking for business on the drive.,Offer Something Outside Every Time
The Walk-Around,1. The Walk-Around Routine,"In the 30-second walk-around, what do you ask the customer to do first?",Pop the hood,Hop back in and fire it up,Check the tire tread,Sign the RO,B,The script starts by putting the customer back in the vehicle and having them start it — the first small instruction they follow.,The 30-Second Walk-Around (Full Script)
The Walk-Around,2. What the Vehicle Tells You,Why should you press the washer fluid button instead of just looking at the wipers?,It is faster,It impresses the customer,It is required by the MPI,"A visual inspection misses streaking, a broken line, low fluid, or a bad motor",D,A visual inspection misses everything. Hitting the button reveals streaking and whether the pump works at all.,Use the Wipers — Don't Just Look at Them
The Walk-Around,2. What the Vehicle Tells You,A vehicle that barely turns over on start-up is your cue for which conversation?,Alignment,Battery,Coolant,Cabin air filter,B,"Slow crank is the battery conversation, right there on the drive, before you get to the MPI.",Slow Crank = Battery Conversation
The Walk-Around,2. What the Vehicle Tells You,Why use a color-coded tread depth gauge instead of quoting 32nds?,Customers do not equate fractions of an inch well; color tells the story instantly,It is cheaper,It is more accurate,The manufacturer requires it,A,"Ask someone to draw a line 9/32nds long and you get wildly different answers. Green, yellow, red is understood instantly.",Color-Coded Tread Depth Gauge
The Walk-Around,2. What the Vehicle Tells You,What does a tire's born-on date tell the customer?,Which shop installed it,The load rating,That tires have an expiration date regardless of tread,The correct pressure,C,"Every tire has a manufacture date stamped on the sidewall, and tires expire. Most customers have no idea.",The Tire Born-On Date Close
The Walk-Around,3. Reading the Customer,Why check the backseat and radio during a walk-around?,To make sure nothing is stolen,They are clues to conversation and to how the vehicle is used,To check for damage,To find the owner's manual,B,"A car seat, a golf bag, or country music playing are all openings for a real conversation.",Check the Radio and Backseat for Clues
The Walk-Around,3. Reading the Customer,"On a truck walk-around, which three things should you look for?","Tire brand, paint, mileage","Radio, seats, floor mats","Wipers, bulbs, fluids","Payload, trailer hitch, sporting equipment",D,"Payload, hitch, and gear tell you how the truck is actually used — and point straight to fluid service opportunities.","Spot the Truck User — Payload, Hitch, and Gear"
The Walk-Around,3. Reading the Customer,What should you do with a personal detail a customer mentions?,Remember it,Tell the technician,Put it in the customer notes in your DMS immediately,Nothing — it is not relevant,C,"Store it in the DMS while it is fresh. When they return, you pull it up and the relationship continues where it left off.",Use Your DMS Notes — Store What You Learn
The Walk-Around,3. Reading the Customer,Why mention your family during a walk-around?,Trust — the research shows people with families are trusted more,To fill silence,To find common ground on sports,To extend the conversation,A,"A natural reference to your wife, daughter, or dad is a trust signal, not small talk.",Mention Your Family — The Trust Signal
The Walk-Around,4. Raising a Problem Well,What is the rule when you find something negative on a vehicle?,Document it and move on,Never bring it up without a positive solution,Tell the customer immediately,Let the technician raise it,B,"Customers see CYA coming a mile away. Every negative needs a paired action — a paint pen, dent removal, something they can do.",Never Bring Up a Negative Without a Positive Solution
The Walk-Around,4. Raising a Problem Well,Who should be able to understand every explanation you give?,A technician,A service manager,An 8-year-old and an 88-year-old simultaneously,Anyone who has owned a car,C,Universally clear beats technically sophisticated. 'No gas will leave you stranded' beats a fuel-system lecture.,Speak to the 8-Year-Old AND the 88-Year-Old
The Walk-Around,4. Raising a Problem Well,"What has the internet done to customers, according to this lesson?",Made them smarter,Made them more suspicious,Made them better prepared,Made them lazier — they think they know because they can Google,D,Your job is to know the things they cannot Google.,Know Your Product Better Than Your Customer
The Walk-Around,4. Raising a Problem Well,A customer has a small scratch. What is the right move?,Introduce them to the parts department for a matching paint pen,Note it on the RO,Say nothing,Offer a full respray quote,A,"The paint pen rule — pair the negative with an immediate, specific solution.",No Negative Without a Positive Solution — The Paint Pen Rule
The Walk-Around,5. Tires on the Drive,"In the tire maintenance ladder, how often should a rotation happen?",Every oil change,Every other oil change,Every third oil change,Once a year,A,"Rotate every oil change, balance every other, alignment every third or roughly every 15,000 miles.",The Tire Maintenance Ladder
The Walk-Around,5. Tires on the Drive,Who should get a tire quote?,Only customers in the red,Only customers who ask,"Only customers over 30,000 miles","Every customer, including green tread",D,"If you want to be in the tire business, quote everyone and staple it to the MPI or the deferred list.",Print a Tire Quote for Every Customer
The Walk-Around,5. Tires on the Drive,What is the Texas rain safety close for balance?,"Out-of-balance tires bounce, and a bouncing tire on an oily wet road loses contact",Rain causes hydroplaning,Rain wears tires faster,Rain affects tire pressure,A,Out-of-balance tires are literally bouncing down the road. Add oil rising after a dry spell and the risk is concrete.,Balance — The Texas Rain Safety Close
The Walk-Around,5. Tires on the Drive,What alignment detail breaks through where 'it pulls left' does not?,The cost,The warranty,The emergency braking skid angle,The tire wear pattern,C,"Customers say 'I know, I'm used to it' about pulling. The braking angle is a safety fact they have not heard.",Alignment — Emergency Braking Skid Angle
The Walk-Around,6. Visibility and Wipers,"Why check wipers even on a $7,000 engine job?",It adds revenue,A customer leaving in the rain who cannot see remembers the dealership that never checked,It is on the MPI,The technician expects it,B,The big repair is not what gets remembered. The wipers are.,Check Wipers on Every RO
The Walk-Around,6. Visibility and Wipers,What share of Texas collisions involve reduced visibility?,12%,25%,42%,60%,C,"42% — used as a care conversation, not a scare tactic.",Windshield Treatment — 42% of Texas Collisions
The Walk-Around,6. Visibility and Wipers,What makes a physical demo effective?,The customer sees the difference themselves rather than being told,It takes less time,It is cheaper than a word track,It avoids objections,A,"Treat half a glass door, spray water on both sides, and the product sells itself.",Sell the Sizzle — Physical Demos Close
The Walk-Around,6. Visibility and Wipers,"Before pitching a chemical or service product, what should you do?",Read the label,Ask a technician,Have it done on your own vehicle first,Check the price,C,'I put this on my car last month — here's what it did' is the most credible pitch there is.,Demo It in Your Own Vehicle First
The Walk-Around,7. The Handback,When should PPE be removed from a customer's vehicle?,In the bay before they arrive,"Visibly, in front of the customer",After they drive away,It does not matter,B,"Removing the mat, seat cover, and gloves where they can see communicates care and that the vehicle was protected.",Remove PPE Visibly in Front of the Customer
The Walk-Around,7. The Handback,What should you check before handing back the keys?,"Grease stains on the wheel, door, and seat, and the floor mat",Fuel level,Tire pressure,The radio station,A,A single grease smudge on a clean interior is the detail a customer remembers over the whole repair.,Proof the Car Before Delivery — Grease Stain Check
The Walk-Around,7. The Handback,Why does proofing the car matter more than the repair quality?,It does not,Because it is faster,Because technicians are careless,Because the customer can judge cleanliness but cannot judge the repair,D,The customer has no way to evaluate the work itself. They evaluate what they can see.,Proof the Car Before Delivery — Grease Stain Check
The Walk-Around,7. The Handback,What two things does visibly removing PPE communicate?,Speed and efficiency,Cost and value,That the vehicle was protected and that you are finished with care,Safety and compliance,C,It closes the loop on the promise you made when you covered the seat in the first place.,Remove PPE Visibly in Front of the Customer
